Device,Test Name,Test Status,Message(s),Test description,Test category
dc1-leaf1a,VerifyBGPPeerSession,success,,Verifies the session state of BGP peers.,BGP
dc1-leaf1a,VerifyRunningConfigDiffs,success,,Verifies there is no difference between the running-config and the startup-config.,Configuration
dc1-leaf1a,VerifyZeroTouch,success,,Verifies ZeroTouch is disabled.,Configuration
dc1-leaf1a,VerifyLLDPNeighbors,success,,Verifies the connection status of the specified LLDP (Link Layer Discovery Protocol) neighbors.,Connectivity
dc1-leaf1a,VerifyReachability,success,,Verifies point-to-point reachability between Ethernet interfaces.,Connectivity
dc1-leaf1a,VerifyReachability,success,,Verifies reachability to BGP neighbors with an update source configured.,Connectivity
dc1-leaf1a,VerifyEnvironmentCooling,skipped,VerifyEnvironmentCooling test is not supported on vEOS-lab,Verifies the status of power supply fans and all fan trays.,Hardware
dc1-leaf1a,VerifyEnvironmentPower,skipped,VerifyEnvironmentPower test is not supported on vEOS-lab,Verifies the power supplies state and input voltage.,Hardware
dc1-leaf1a,VerifyEnvironmentSystemCooling,skipped,VerifyEnvironmentSystemCooling test is not supported on vEOS-lab,Verifies the device's system cooling status.,Hardware
dc1-leaf1a,VerifyTemperature,skipped,VerifyTemperature test is not supported on vEOS-lab,Verifies if the device temperature is within acceptable limits.,Hardware
dc1-leaf1a,VerifyTransceiversTemperature,skipped,VerifyTransceiversTemperature test is not supported on vEOS-lab,Verifies if all the transceivers are operating at an acceptable temperature.,Hardware
dc1-leaf1a,VerifyIllegalLACP,success,,Verifies there are no illegal LACP packets in port channels.,Interfaces
dc1-leaf1a,VerifyInterfaceDiscards,success,,Verifies that the interfaces packet discard counters are equal to zero.,Interfaces
dc1-leaf1a,VerifyInterfaceErrDisabled,success,,Verifies there are no interfaces in the errdisabled state.,Interfaces
dc1-leaf1a,VerifyInterfaceErrors,success,,Verifies that the interfaces error counters are equal to zero.,Interfaces
dc1-leaf1a,VerifyInterfaceUtilization,success,,Verifies that the utilization of interfaces is below a certain threshold.,Interfaces
dc1-leaf1a,VerifyInterfacesStatus,failure,"Interface: Port-Channel5 - Status mismatch - Expected: up/up, Actual: down/lowerLayerDown",Verifies the operational states of specified interfaces to ensure they match expected configurations.,Interfaces
dc1-leaf1a,VerifyPortChannels,failure,"Interface: Port-Channel5 - Inactive port(s) - Ethernet5, PeerEthernet5",Verifies there are no inactive ports in port channels.,Interfaces
dc1-leaf1a,VerifyStormControlDrops,skipped,VerifyStormControlDrops test is not supported on vEOS-lab,Verifies there are no interface storm-control drop counters.,Interfaces
dc1-leaf1a,VerifyLoggingErrors,failure,"Device has reported syslog messages with a severity of ERRORS or higher:
Mar 29 22:28:47 dc1-leaf1a Bgp: %BGP-3-NOTIFICATION: sent to neighbor 10.255.255.0 (VRF default AS 65100) 6/5 (Cease/connection rejected) 0 bytes
 Mar 29 22:28:47 dc1-leaf1a Bgp: %BGP-3-NOTIFICATION: sent to neighbor 10.255.255.2 (VRF default AS 65100) 6/5 (Cease/connection rejected) 0 bytes
 
",Verifies there are no syslog messages with a severity of ERRORS or higher.,Logging
dc1-leaf1a,VerifyMlagConfigSanity,success,,Verifies there are no MLAG config-sanity inconsistencies.,MLAG
dc1-leaf1a,VerifyMlagInterfaces,failure,MLAG status is not ok - Inactive Ports: 1 Partial Active Ports: 0,Verifies there are no inactive or active-partial MLAG ports.,MLAG
dc1-leaf1a,VerifyMlagStatus,success,,Verifies the health status of the MLAG configuration.,MLAG
dc1-leaf1a,VerifyRoutingProtocolModel,success,,Verifies the configured routing protocol model.,Routing
dc1-leaf1a,VerifySTPCounters,success,,Verifies there is no errors in STP BPDU packets.,STP
dc1-leaf1a,VerifyAgentLogs,success,,Verifies there are no agent crash reports.,System
dc1-leaf1a,VerifyCoredump,success,,Verifies there are no core dump files.,System
dc1-leaf1a,VerifyFileSystemUtilization,success,,Verifies that no partition is utilizing more than 75% of its disk space.,System
dc1-leaf1a,VerifyMaintenance,success,,Verifies that the device is not currently under or entering maintenance.,System
dc1-leaf1a,VerifyMemoryUtilization,success,,Verifies whether the memory utilization is below 75%.,System
dc1-leaf1a,VerifyNTP,success,,Verifies if NTP is synchronised.,System
dc1-leaf1a,VerifyReloadCause,success,,Verifies the last reload cause of the device.,System
dc1-leaf1a,VerifyVxlanConfigSanity,success,,Verifies there are no VXLAN config-sanity inconsistencies.,VXLAN
dc1-leaf1b,VerifyBGPPeerSession,success,,Verifies the session state of BGP peers.,BGP
dc1-leaf1b,VerifyRunningConfigDiffs,success,,Verifies there is no difference between the running-config and the startup-config.,Configuration
dc1-leaf1b,VerifyZeroTouch,success,,Verifies ZeroTouch is disabled.,Configuration
dc1-leaf1b,VerifyLLDPNeighbors,success,,Verifies the connection status of the specified LLDP (Link Layer Discovery Protocol) neighbors.,Connectivity
dc1-leaf1b,VerifyReachability,success,,Verifies point-to-point reachability between Ethernet interfaces.,Connectivity
dc1-leaf1b,VerifyReachability,success,,Verifies reachability to BGP neighbors with an update source configured.,Connectivity
dc1-leaf1b,VerifyEnvironmentCooling,skipped,VerifyEnvironmentCooling test is not supported on vEOS-lab,Verifies the status of power supply fans and all fan trays.,Hardware
dc1-leaf1b,VerifyEnvironmentPower,skipped,VerifyEnvironmentPower test is not supported on vEOS-lab,Verifies the power supplies state and input voltage.,Hardware
dc1-leaf1b,VerifyEnvironmentSystemCooling,skipped,VerifyEnvironmentSystemCooling test is not supported on vEOS-lab,Verifies the device's system cooling status.,Hardware
dc1-leaf1b,VerifyTemperature,skipped,VerifyTemperature test is not supported on vEOS-lab,Verifies if the device temperature is within acceptable limits.,Hardware
dc1-leaf1b,VerifyTransceiversTemperature,skipped,VerifyTransceiversTemperature test is not supported on vEOS-lab,Verifies if all the transceivers are operating at an acceptable temperature.,Hardware
dc1-leaf1b,VerifyIllegalLACP,success,,Verifies there are no illegal LACP packets in port channels.,Interfaces
dc1-leaf1b,VerifyInterfaceDiscards,success,,Verifies that the interfaces packet discard counters are equal to zero.,Interfaces
dc1-leaf1b,VerifyInterfaceErrDisabled,success,,Verifies there are no interfaces in the errdisabled state.,Interfaces
dc1-leaf1b,VerifyInterfaceErrors,success,,Verifies that the interfaces error counters are equal to zero.,Interfaces
dc1-leaf1b,VerifyInterfaceUtilization,success,,Verifies that the utilization of interfaces is below a certain threshold.,Interfaces
dc1-leaf1b,VerifyInterfacesStatus,failure,"Interface: Port-Channel5 - Status mismatch - Expected: up/up, Actual: down/lowerLayerDown",Verifies the operational states of specified interfaces to ensure they match expected configurations.,Interfaces
dc1-leaf1b,VerifyPortChannels,failure,"Interface: Port-Channel5 - Inactive port(s) - Ethernet5, PeerEthernet5",Verifies there are no inactive ports in port channels.,Interfaces
dc1-leaf1b,VerifyStormControlDrops,skipped,VerifyStormControlDrops test is not supported on vEOS-lab,Verifies there are no interface storm-control drop counters.,Interfaces
dc1-leaf1b,VerifyLoggingErrors,failure,"Device has reported syslog messages with a severity of ERRORS or higher:
Mar 29 22:28:46 dc1-leaf1b Bgp: %BGP-3-NOTIFICATION: sent to neighbor 10.255.255.4 (VRF default AS 65100) 6/5 (Cease/connection rejected) 0 bytes
 Mar 29 22:28:46 dc1-leaf1b Bgp: %BGP-3-NOTIFICATION: sent to neighbor 10.255.255.6 (VRF default AS 65100) 6/5 (Cease/connection rejected) 0 bytes
 
",Verifies there are no syslog messages with a severity of ERRORS or higher.,Logging
dc1-leaf1b,VerifyMlagConfigSanity,success,,Verifies there are no MLAG config-sanity inconsistencies.,MLAG
dc1-leaf1b,VerifyMlagInterfaces,failure,MLAG status is not ok - Inactive Ports: 1 Partial Active Ports: 0,Verifies there are no inactive or active-partial MLAG ports.,MLAG
dc1-leaf1b,VerifyMlagStatus,success,,Verifies the health status of the MLAG configuration.,MLAG
dc1-leaf1b,VerifyRoutingProtocolModel,success,,Verifies the configured routing protocol model.,Routing
dc1-leaf1b,VerifySTPCounters,success,,Verifies there is no errors in STP BPDU packets.,STP
dc1-leaf1b,VerifyAgentLogs,success,,Verifies there are no agent crash reports.,System
dc1-leaf1b,VerifyCoredump,success,,Verifies there are no core dump files.,System
dc1-leaf1b,VerifyFileSystemUtilization,success,,Verifies that no partition is utilizing more than 75% of its disk space.,System
dc1-leaf1b,VerifyMaintenance,success,,Verifies that the device is not currently under or entering maintenance.,System
dc1-leaf1b,VerifyMemoryUtilization,success,,Verifies whether the memory utilization is below 75%.,System
dc1-leaf1b,VerifyNTP,success,,Verifies if NTP is synchronised.,System
dc1-leaf1b,VerifyReloadCause,success,,Verifies the last reload cause of the device.,System
dc1-leaf1b,VerifyVxlanConfigSanity,success,,Verifies there are no VXLAN config-sanity inconsistencies.,VXLAN
dc1-leaf1c,VerifyRunningConfigDiffs,success,,Verifies there is no difference between the running-config and the startup-config.,Configuration
dc1-leaf1c,VerifyZeroTouch,success,,Verifies ZeroTouch is disabled.,Configuration
dc1-leaf1c,VerifyLLDPNeighbors,success,,Verifies the connection status of the specified LLDP (Link Layer Discovery Protocol) neighbors.,Connectivity
dc1-leaf1c,VerifyEnvironmentCooling,skipped,VerifyEnvironmentCooling test is not supported on vEOS-lab,Verifies the status of power supply fans and all fan trays.,Hardware
dc1-leaf1c,VerifyEnvironmentPower,skipped,VerifyEnvironmentPower test is not supported on vEOS-lab,Verifies the power supplies state and input voltage.,Hardware
dc1-leaf1c,VerifyEnvironmentSystemCooling,skipped,VerifyEnvironmentSystemCooling test is not supported on vEOS-lab,Verifies the device's system cooling status.,Hardware
dc1-leaf1c,VerifyTemperature,skipped,VerifyTemperature test is not supported on vEOS-lab,Verifies if the device temperature is within acceptable limits.,Hardware
dc1-leaf1c,VerifyTransceiversTemperature,skipped,VerifyTransceiversTemperature test is not supported on vEOS-lab,Verifies if all the transceivers are operating at an acceptable temperature.,Hardware
dc1-leaf1c,VerifyIllegalLACP,success,,Verifies there are no illegal LACP packets in port channels.,Interfaces
dc1-leaf1c,VerifyInterfaceDiscards,success,,Verifies that the interfaces packet discard counters are equal to zero.,Interfaces
dc1-leaf1c,VerifyInterfaceErrDisabled,success,,Verifies there are no interfaces in the errdisabled state.,Interfaces
dc1-leaf1c,VerifyInterfaceErrors,success,,Verifies that the interfaces error counters are equal to zero.,Interfaces
dc1-leaf1c,VerifyInterfaceUtilization,success,,Verifies that the utilization of interfaces is below a certain threshold.,Interfaces
dc1-leaf1c,VerifyInterfacesStatus,success,,Verifies the operational states of specified interfaces to ensure they match expected configurations.,Interfaces
dc1-leaf1c,VerifyPortChannels,success,,Verifies there are no inactive ports in port channels.,Interfaces
dc1-leaf1c,VerifyStormControlDrops,skipped,VerifyStormControlDrops test is not supported on vEOS-lab,Verifies there are no interface storm-control drop counters.,Interfaces
dc1-leaf1c,VerifyLoggingErrors,success,,Verifies there are no syslog messages with a severity of ERRORS or higher.,Logging
dc1-leaf1c,VerifyRoutingProtocolModel,success,,Verifies the configured routing protocol model.,Routing
dc1-leaf1c,VerifySTPCounters,success,,Verifies there is no errors in STP BPDU packets.,STP
dc1-leaf1c,VerifyAgentLogs,success,,Verifies there are no agent crash reports.,System
dc1-leaf1c,VerifyCoredump,success,,Verifies there are no core dump files.,System
dc1-leaf1c,VerifyFileSystemUtilization,success,,Verifies that no partition is utilizing more than 75% of its disk space.,System
dc1-leaf1c,VerifyMaintenance,success,,Verifies that the device is not currently under or entering maintenance.,System
dc1-leaf1c,VerifyMemoryUtilization,success,,Verifies whether the memory utilization is below 75%.,System
dc1-leaf1c,VerifyNTP,success,,Verifies if NTP is synchronised.,System
dc1-leaf1c,VerifyReloadCause,success,,Verifies the last reload cause of the device.,System
dc1-leaf2a,VerifyBGPPeerSession,success,,Verifies the session state of BGP peers.,BGP
dc1-leaf2a,VerifyRunningConfigDiffs,success,,Verifies there is no difference between the running-config and the startup-config.,Configuration
dc1-leaf2a,VerifyZeroTouch,success,,Verifies ZeroTouch is disabled.,Configuration
dc1-leaf2a,VerifyLLDPNeighbors,success,,Verifies the connection status of the specified LLDP (Link Layer Discovery Protocol) neighbors.,Connectivity
dc1-leaf2a,VerifyReachability,success,,Verifies point-to-point reachability between Ethernet interfaces.,Connectivity
dc1-leaf2a,VerifyReachability,success,,Verifies reachability to BGP neighbors with an update source configured.,Connectivity
dc1-leaf2a,VerifyEnvironmentCooling,skipped,VerifyEnvironmentCooling test is not supported on vEOS-lab,Verifies the status of power supply fans and all fan trays.,Hardware
dc1-leaf2a,VerifyEnvironmentPower,skipped,VerifyEnvironmentPower test is not supported on vEOS-lab,Verifies the power supplies state and input voltage.,Hardware
dc1-leaf2a,VerifyEnvironmentSystemCooling,skipped,VerifyEnvironmentSystemCooling test is not supported on vEOS-lab,Verifies the device's system cooling status.,Hardware
dc1-leaf2a,VerifyTemperature,skipped,VerifyTemperature test is not supported on vEOS-lab,Verifies if the device temperature is within acceptable limits.,Hardware
dc1-leaf2a,VerifyTransceiversTemperature,skipped,VerifyTransceiversTemperature test is not supported on vEOS-lab,Verifies if all the transceivers are operating at an acceptable temperature.,Hardware
dc1-leaf2a,VerifyIllegalLACP,success,,Verifies there are no illegal LACP packets in port channels.,Interfaces
dc1-leaf2a,VerifyInterfaceDiscards,success,,Verifies that the interfaces packet discard counters are equal to zero.,Interfaces
dc1-leaf2a,VerifyInterfaceErrDisabled,success,,Verifies there are no interfaces in the errdisabled state.,Interfaces
dc1-leaf2a,VerifyInterfaceErrors,success,,Verifies that the interfaces error counters are equal to zero.,Interfaces
dc1-leaf2a,VerifyInterfaceUtilization,success,,Verifies that the utilization of interfaces is below a certain threshold.,Interfaces
dc1-leaf2a,VerifyInterfacesStatus,failure,"Interface: Port-Channel5 - Status mismatch - Expected: up/up, Actual: down/lowerLayerDown",Verifies the operational states of specified interfaces to ensure they match expected configurations.,Interfaces
dc1-leaf2a,VerifyPortChannels,failure,"Interface: Port-Channel5 - Inactive port(s) - Ethernet5, PeerEthernet5",Verifies there are no inactive ports in port channels.,Interfaces
dc1-leaf2a,VerifyStormControlDrops,skipped,VerifyStormControlDrops test is not supported on vEOS-lab,Verifies there are no interface storm-control drop counters.,Interfaces
dc1-leaf2a,VerifyLoggingErrors,failure,"Device has reported syslog messages with a severity of ERRORS or higher:
Mar 29 22:28:48 dc1-leaf2a Bgp: %BGP-3-NOTIFICATION: sent to neighbor 10.255.0.2 (VRF default AS 65100) 6/7 (Cease/connection collision resolution) 0 bytes 
 Mar 29 22:28:48 dc1-leaf2a Bgp: %BGP-3-NOTIFICATION: sent to neighbor 10.255.0.1 (VRF default AS 65100) 6/7 (Cease/connection collision resolution) 0 bytes 
 
",Verifies there are no syslog messages with a severity of ERRORS or higher.,Logging
dc1-leaf2a,VerifyMlagConfigSanity,success,,Verifies there are no MLAG config-sanity inconsistencies.,MLAG
dc1-leaf2a,VerifyMlagInterfaces,failure,MLAG status is not ok - Inactive Ports: 1 Partial Active Ports: 0,Verifies there are no inactive or active-partial MLAG ports.,MLAG
dc1-leaf2a,VerifyMlagStatus,success,,Verifies the health status of the MLAG configuration.,MLAG
dc1-leaf2a,VerifyRoutingProtocolModel,success,,Verifies the configured routing protocol model.,Routing
dc1-leaf2a,VerifySTPCounters,success,,Verifies there is no errors in STP BPDU packets.,STP
dc1-leaf2a,VerifyAgentLogs,success,,Verifies there are no agent crash reports.,System
dc1-leaf2a,VerifyCoredump,success,,Verifies there are no core dump files.,System
dc1-leaf2a,VerifyFileSystemUtilization,success,,Verifies that no partition is utilizing more than 75% of its disk space.,System
dc1-leaf2a,VerifyMaintenance,success,,Verifies that the device is not currently under or entering maintenance.,System
dc1-leaf2a,VerifyMemoryUtilization,success,,Verifies whether the memory utilization is below 75%.,System
dc1-leaf2a,VerifyNTP,success,,Verifies if NTP is synchronised.,System
dc1-leaf2a,VerifyReloadCause,success,,Verifies the last reload cause of the device.,System
dc1-leaf2a,VerifyVxlanConfigSanity,success,,Verifies there are no VXLAN config-sanity inconsistencies.,VXLAN
dc1-leaf2b,VerifyBGPPeerSession,success,,Verifies the session state of BGP peers.,BGP
dc1-leaf2b,VerifyRunningConfigDiffs,success,,Verifies there is no difference between the running-config and the startup-config.,Configuration
dc1-leaf2b,VerifyZeroTouch,success,,Verifies ZeroTouch is disabled.,Configuration
dc1-leaf2b,VerifyLLDPNeighbors,success,,Verifies the connection status of the specified LLDP (Link Layer Discovery Protocol) neighbors.,Connectivity
dc1-leaf2b,VerifyReachability,success,,Verifies point-to-point reachability between Ethernet interfaces.,Connectivity
dc1-leaf2b,VerifyReachability,success,,Verifies reachability to BGP neighbors with an update source configured.,Connectivity
dc1-leaf2b,VerifyEnvironmentCooling,skipped,VerifyEnvironmentCooling test is not supported on vEOS-lab,Verifies the status of power supply fans and all fan trays.,Hardware
dc1-leaf2b,VerifyEnvironmentPower,skipped,VerifyEnvironmentPower test is not supported on vEOS-lab,Verifies the power supplies state and input voltage.,Hardware
dc1-leaf2b,VerifyEnvironmentSystemCooling,skipped,VerifyEnvironmentSystemCooling test is not supported on vEOS-lab,Verifies the device's system cooling status.,Hardware
dc1-leaf2b,VerifyTemperature,skipped,VerifyTemperature test is not supported on vEOS-lab,Verifies if the device temperature is within acceptable limits.,Hardware
dc1-leaf2b,VerifyTransceiversTemperature,skipped,VerifyTransceiversTemperature test is not supported on vEOS-lab,Verifies if all the transceivers are operating at an acceptable temperature.,Hardware
dc1-leaf2b,VerifyIllegalLACP,success,,Verifies there are no illegal LACP packets in port channels.,Interfaces
dc1-leaf2b,VerifyInterfaceDiscards,success,,Verifies that the interfaces packet discard counters are equal to zero.,Interfaces
dc1-leaf2b,VerifyInterfaceErrDisabled,success,,Verifies there are no interfaces in the errdisabled state.,Interfaces
dc1-leaf2b,VerifyInterfaceErrors,success,,Verifies that the interfaces error counters are equal to zero.,Interfaces
dc1-leaf2b,VerifyInterfaceUtilization,success,,Verifies that the utilization of interfaces is below a certain threshold.,Interfaces
dc1-leaf2b,VerifyInterfacesStatus,failure,"Interface: Port-Channel5 - Status mismatch - Expected: up/up, Actual: down/lowerLayerDown",Verifies the operational states of specified interfaces to ensure they match expected configurations.,Interfaces
dc1-leaf2b,VerifyPortChannels,failure,"Interface: Port-Channel5 - Inactive port(s) - Ethernet5, PeerEthernet5",Verifies there are no inactive ports in port channels.,Interfaces
dc1-leaf2b,VerifyStormControlDrops,skipped,VerifyStormControlDrops test is not supported on vEOS-lab,Verifies there are no interface storm-control drop counters.,Interfaces
dc1-leaf2b,VerifyLoggingErrors,success,,Verifies there are no syslog messages with a severity of ERRORS or higher.,Logging
dc1-leaf2b,VerifyMlagConfigSanity,success,,Verifies there are no MLAG config-sanity inconsistencies.,MLAG
dc1-leaf2b,VerifyMlagInterfaces,failure,MLAG status is not ok - Inactive Ports: 1 Partial Active Ports: 0,Verifies there are no inactive or active-partial MLAG ports.,MLAG
dc1-leaf2b,VerifyMlagStatus,success,,Verifies the health status of the MLAG configuration.,MLAG
dc1-leaf2b,VerifyRoutingProtocolModel,success,,Verifies the configured routing protocol model.,Routing
dc1-leaf2b,VerifySTPCounters,success,,Verifies there is no errors in STP BPDU packets.,STP
dc1-leaf2b,VerifyAgentLogs,success,,Verifies there are no agent crash reports.,System
dc1-leaf2b,VerifyCoredump,success,,Verifies there are no core dump files.,System
dc1-leaf2b,VerifyFileSystemUtilization,success,,Verifies that no partition is utilizing more than 75% of its disk space.,System
dc1-leaf2b,VerifyMaintenance,success,,Verifies that the device is not currently under or entering maintenance.,System
dc1-leaf2b,VerifyMemoryUtilization,success,,Verifies whether the memory utilization is below 75%.,System
dc1-leaf2b,VerifyNTP,success,,Verifies if NTP is synchronised.,System
dc1-leaf2b,VerifyReloadCause,success,,Verifies the last reload cause of the device.,System
dc1-leaf2b,VerifyVxlanConfigSanity,success,,Verifies there are no VXLAN config-sanity inconsistencies.,VXLAN
dc1-leaf2c,VerifyRunningConfigDiffs,success,,Verifies there is no difference between the running-config and the startup-config.,Configuration
dc1-leaf2c,VerifyZeroTouch,success,,Verifies ZeroTouch is disabled.,Configuration
dc1-leaf2c,VerifyLLDPNeighbors,success,,Verifies the connection status of the specified LLDP (Link Layer Discovery Protocol) neighbors.,Connectivity
dc1-leaf2c,VerifyEnvironmentCooling,skipped,VerifyEnvironmentCooling test is not supported on vEOS-lab,Verifies the status of power supply fans and all fan trays.,Hardware
dc1-leaf2c,VerifyEnvironmentPower,skipped,VerifyEnvironmentPower test is not supported on vEOS-lab,Verifies the power supplies state and input voltage.,Hardware
dc1-leaf2c,VerifyEnvironmentSystemCooling,skipped,VerifyEnvironmentSystemCooling test is not supported on vEOS-lab,Verifies the device's system cooling status.,Hardware
dc1-leaf2c,VerifyTemperature,skipped,VerifyTemperature test is not supported on vEOS-lab,Verifies if the device temperature is within acceptable limits.,Hardware
dc1-leaf2c,VerifyTransceiversTemperature,skipped,VerifyTransceiversTemperature test is not supported on vEOS-lab,Verifies if all the transceivers are operating at an acceptable temperature.,Hardware
dc1-leaf2c,VerifyIllegalLACP,success,,Verifies there are no illegal LACP packets in port channels.,Interfaces
dc1-leaf2c,VerifyInterfaceDiscards,success,,Verifies that the interfaces packet discard counters are equal to zero.,Interfaces
dc1-leaf2c,VerifyInterfaceErrDisabled,success,,Verifies there are no interfaces in the errdisabled state.,Interfaces
dc1-leaf2c,VerifyInterfaceErrors,success,,Verifies that the interfaces error counters are equal to zero.,Interfaces
dc1-leaf2c,VerifyInterfaceUtilization,success,,Verifies that the utilization of interfaces is below a certain threshold.,Interfaces
dc1-leaf2c,VerifyInterfacesStatus,success,,Verifies the operational states of specified interfaces to ensure they match expected configurations.,Interfaces
dc1-leaf2c,VerifyPortChannels,success,,Verifies there are no inactive ports in port channels.,Interfaces
dc1-leaf2c,VerifyStormControlDrops,skipped,VerifyStormControlDrops test is not supported on vEOS-lab,Verifies there are no interface storm-control drop counters.,Interfaces
dc1-leaf2c,VerifyLoggingErrors,success,,Verifies there are no syslog messages with a severity of ERRORS or higher.,Logging
dc1-leaf2c,VerifyRoutingProtocolModel,success,,Verifies the configured routing protocol model.,Routing
dc1-leaf2c,VerifySTPCounters,success,,Verifies there is no errors in STP BPDU packets.,STP
dc1-leaf2c,VerifyAgentLogs,success,,Verifies there are no agent crash reports.,System
dc1-leaf2c,VerifyCoredump,success,,Verifies there are no core dump files.,System
dc1-leaf2c,VerifyFileSystemUtilization,success,,Verifies that no partition is utilizing more than 75% of its disk space.,System
dc1-leaf2c,VerifyMaintenance,success,,Verifies that the device is not currently under or entering maintenance.,System
dc1-leaf2c,VerifyMemoryUtilization,success,,Verifies whether the memory utilization is below 75%.,System
dc1-leaf2c,VerifyNTP,success,,Verifies if NTP is synchronised.,System
dc1-leaf2c,VerifyReloadCause,success,,Verifies the last reload cause of the device.,System
dc1-spine1,VerifyBGPPeerSession,success,,Verifies the session state of BGP peers.,BGP
dc1-spine1,VerifyRunningConfigDiffs,success,,Verifies there is no difference between the running-config and the startup-config.,Configuration
dc1-spine1,VerifyZeroTouch,success,,Verifies ZeroTouch is disabled.,Configuration
dc1-spine1,VerifyLLDPNeighbors,success,,Verifies the connection status of the specified LLDP (Link Layer Discovery Protocol) neighbors.,Connectivity
dc1-spine1,VerifyReachability,success,,Verifies point-to-point reachability between Ethernet interfaces.,Connectivity
dc1-spine1,VerifyReachability,success,,Verifies reachability to BGP neighbors with an update source configured.,Connectivity
dc1-spine1,VerifyEnvironmentCooling,skipped,VerifyEnvironmentCooling test is not supported on vEOS-lab,Verifies the status of power supply fans and all fan trays.,Hardware
dc1-spine1,VerifyEnvironmentPower,skipped,VerifyEnvironmentPower test is not supported on vEOS-lab,Verifies the power supplies state and input voltage.,Hardware
dc1-spine1,VerifyEnvironmentSystemCooling,skipped,VerifyEnvironmentSystemCooling test is not supported on vEOS-lab,Verifies the device's system cooling status.,Hardware
dc1-spine1,VerifyTemperature,skipped,VerifyTemperature test is not supported on vEOS-lab,Verifies if the device temperature is within acceptable limits.,Hardware
dc1-spine1,VerifyTransceiversTemperature,skipped,VerifyTransceiversTemperature test is not supported on vEOS-lab,Verifies if all the transceivers are operating at an acceptable temperature.,Hardware
dc1-spine1,VerifyInterfaceDiscards,success,,Verifies that the interfaces packet discard counters are equal to zero.,Interfaces
dc1-spine1,VerifyInterfaceErrDisabled,success,,Verifies there are no interfaces in the errdisabled state.,Interfaces
dc1-spine1,VerifyInterfaceErrors,success,,Verifies that the interfaces error counters are equal to zero.,Interfaces
dc1-spine1,VerifyInterfaceUtilization,success,,Verifies that the utilization of interfaces is below a certain threshold.,Interfaces
dc1-spine1,VerifyInterfacesStatus,success,,Verifies the operational states of specified interfaces to ensure they match expected configurations.,Interfaces
dc1-spine1,VerifyStormControlDrops,skipped,VerifyStormControlDrops test is not supported on vEOS-lab,Verifies there are no interface storm-control drop counters.,Interfaces
dc1-spine1,VerifyLoggingErrors,failure,"Device has reported syslog messages with a severity of ERRORS or higher:
Mar 29 22:28:48 dc1-spine1 Bgp: %BGP-3-NOTIFICATION: sent to neighbor 10.255.0.5 (VRF default AS 65102) 6/7 (Cease/connection collision resolution) 0 bytes 
 Mar 29 22:28:48 dc1-spine1 Bgp: %BGP-3-NOTIFICATION: received from neighbor 10.255.255.5 (VRF default AS 65101) 6/5 (Cease/connection rejected) 0 bytes
 Mar 29 22:28:48 dc1-spine1 Bgp: %BGP-3-NOTIFICATION: received from neighbor 10.255.255.1 (VRF default AS 65101) 6/5 (Cease/connection rejected) 0 bytes
 
",Verifies there are no syslog messages with a severity of ERRORS or higher.,Logging
dc1-spine1,VerifyRoutingProtocolModel,success,,Verifies the configured routing protocol model.,Routing
dc1-spine1,VerifySTPCounters,success,,Verifies there is no errors in STP BPDU packets.,STP
dc1-spine1,VerifyAgentLogs,success,,Verifies there are no agent crash reports.,System
dc1-spine1,VerifyCoredump,success,,Verifies there are no core dump files.,System
dc1-spine1,VerifyFileSystemUtilization,success,,Verifies that no partition is utilizing more than 75% of its disk space.,System
dc1-spine1,VerifyMaintenance,success,,Verifies that the device is not currently under or entering maintenance.,System
dc1-spine1,VerifyMemoryUtilization,success,,Verifies whether the memory utilization is below 75%.,System
dc1-spine1,VerifyNTP,success,,Verifies if NTP is synchronised.,System
dc1-spine1,VerifyReloadCause,success,,Verifies the last reload cause of the device.,System
dc1-spine2,VerifyBGPPeerSession,success,,Verifies the session state of BGP peers.,BGP
dc1-spine2,VerifyRunningConfigDiffs,success,,Verifies there is no difference between the running-config and the startup-config.,Configuration
dc1-spine2,VerifyZeroTouch,success,,Verifies ZeroTouch is disabled.,Configuration
dc1-spine2,VerifyLLDPNeighbors,success,,Verifies the connection status of the specified LLDP (Link Layer Discovery Protocol) neighbors.,Connectivity
dc1-spine2,VerifyReachability,success,,Verifies point-to-point reachability between Ethernet interfaces.,Connectivity
dc1-spine2,VerifyReachability,success,,Verifies reachability to BGP neighbors with an update source configured.,Connectivity
dc1-spine2,VerifyEnvironmentCooling,skipped,VerifyEnvironmentCooling test is not supported on vEOS-lab,Verifies the status of power supply fans and all fan trays.,Hardware
dc1-spine2,VerifyEnvironmentPower,skipped,VerifyEnvironmentPower test is not supported on vEOS-lab,Verifies the power supplies state and input voltage.,Hardware
dc1-spine2,VerifyEnvironmentSystemCooling,skipped,VerifyEnvironmentSystemCooling test is not supported on vEOS-lab,Verifies the device's system cooling status.,Hardware
dc1-spine2,VerifyTemperature,skipped,VerifyTemperature test is not supported on vEOS-lab,Verifies if the device temperature is within acceptable limits.,Hardware
dc1-spine2,VerifyTransceiversTemperature,skipped,VerifyTransceiversTemperature test is not supported on vEOS-lab,Verifies if all the transceivers are operating at an acceptable temperature.,Hardware
dc1-spine2,VerifyInterfaceDiscards,success,,Verifies that the interfaces packet discard counters are equal to zero.,Interfaces
dc1-spine2,VerifyInterfaceErrDisabled,success,,Verifies there are no interfaces in the errdisabled state.,Interfaces
dc1-spine2,VerifyInterfaceErrors,success,,Verifies that the interfaces error counters are equal to zero.,Interfaces
dc1-spine2,VerifyInterfaceUtilization,success,,Verifies that the utilization of interfaces is below a certain threshold.,Interfaces
dc1-spine2,VerifyInterfacesStatus,success,,Verifies the operational states of specified interfaces to ensure they match expected configurations.,Interfaces
dc1-spine2,VerifyStormControlDrops,skipped,VerifyStormControlDrops test is not supported on vEOS-lab,Verifies there are no interface storm-control drop counters.,Interfaces
dc1-spine2,VerifyLoggingErrors,failure,"Device has reported syslog messages with a severity of ERRORS or higher:
Mar 29 22:28:47 dc1-spine2 Bgp: %BGP-3-NOTIFICATION: sent to neighbor 10.255.0.5 (VRF default AS 65102) 6/7 (Cease/connection collision resolution) 0 bytes 
 Mar 29 22:28:47 dc1-spine2 Bgp: %BGP-3-NOTIFICATION: received from neighbor 10.255.255.7 (VRF default AS 65101) 6/5 (Cease/connection rejected) 0 bytes
 Mar 29 22:28:47 dc1-spine2 Bgp: %BGP-3-NOTIFICATION: received from neighbor 10.255.255.3 (VRF default AS 65101) 6/5 (Cease/connection rejected) 0 bytes
 
",Verifies there are no syslog messages with a severity of ERRORS or higher.,Logging
dc1-spine2,VerifyRoutingProtocolModel,success,,Verifies the configured routing protocol model.,Routing
dc1-spine2,VerifySTPCounters,success,,Verifies there is no errors in STP BPDU packets.,STP
dc1-spine2,VerifyAgentLogs,success,,Verifies there are no agent crash reports.,System
dc1-spine2,VerifyCoredump,success,,Verifies there are no core dump files.,System
dc1-spine2,VerifyFileSystemUtilization,success,,Verifies that no partition is utilizing more than 75% of its disk space.,System
dc1-spine2,VerifyMaintenance,success,,Verifies that the device is not currently under or entering maintenance.,System
dc1-spine2,VerifyMemoryUtilization,success,,Verifies whether the memory utilization is below 75%.,System
dc1-spine2,VerifyNTP,success,,Verifies if NTP is synchronised.,System
dc1-spine2,VerifyReloadCause,success,,Verifies the last reload cause of the device.,System
